{
  "clock": {
    "name": "clock",
    "alias": "\u0427\u0410\u0421\u042b",
    "id": 1,
    "show": true,
    "relx": 2.70142,
    "rely": 2.66499,
    "width": 25.67767,
    "height": 12.05671,
    "keepAspectRatio": false,
    "anchor": "nw",
    "minwidth": 5,
    "minheight": 2
  },
  "calendar": {
    "name": "calendar",
    "alias": "\u041a\u0410\u041b\u0415\u041d\u0414\u0410\u0420\u042c",
    "id": 2,
    "show": true,
    "relx": 2.79607,
    "rely": 14.64039,
    "width": 38.60871,
    "height": 13.54639,
    "keepAspectRatio": false,
    "anchor": "nw",
    "minwidth": 5,
    "minheight": 2
  },
  "covid": {
    "name": "covid",
    "alias": "COVID-19",
    "id": 3,
    "show": true,
    "relx": 55.99996,
    "rely": 15.0,
    "width": 40.00001,
    "height": 10.0,
    "keepAspectRatio": false,
    "anchor": "ne",
    "minwidth": 5,
    "minheight": 2
  },
  "stocks": {
    "name": "stocks",
    "alias": "\u0411\u0438\u0440\u0436\u0435\u0432\u044b\u0435 \u043a\u0443\u0440\u0441\u044b",
    "id": 4,
    "show": true,
    "relx": 56.35664,
    "rely": 2.89427,
    "width": 41.69842,
    "height": 11.21239,
    "keepAspectRatio": false,
    "anchor": "ne",
    "minwidth": 5,
    "minheight": 2
  },
  "youtube": {
    "name": "youtube",
    "alias": "Youtube",
    "id": 5,
    "show": true,
    "relx": 60.45047,
    "rely": 46.77451,
    "width": 37.69386,
    "height": 37.56445,
    "keepAspectRatio": true,
    "anchor": "ne",
    "minwidth": 10,
    "minheight": 10,
    "defaultVideo": "\u0420\u0435\u0434\u0430\u043a\u0446\u0438\u044f"
  },
  "ticker": {
    "name": "ticker",
    "alias": "\u0411\u0435\u0433\u0443\u0449\u0430\u044f \u0441\u0442\u0440\u043e\u043a\u0430",
    "id": 6,
    "show": true,
    "relx": 2.50418,
    "rely": 90.4763,
    "width": 95.72447,
    "height": 5.56242,
    "keepAspectRatio": false,
    "anchor": "nw",
    "minwidth": 30,
    "minheight": 3
  },
  "weather": {
    "name": "weather",
    "alias": "\u041f\u0440\u043e\u0433\u043d\u043e\u0437 \u043f\u043e\u0433\u043e\u0434\u044b",
    "id": 7,
    "show": true,
    "relx": 2.77715,
    "rely": 28.53429,
    "width": 25.60031,
    "height": 16.52837,
    "keepAspectRatio": false,
    "anchor": "nw",
    "minwidth": 10,
    "minheight": 5
  },
  "voice_assistant": {
    "name": "voice_assistant",
    "alias": "\u0413\u043e\u043b\u043e\u0441\u043e\u0432\u043e\u0439 \u043f\u043e\u043c\u043e\u0449\u043d\u0438\u043a",
    "id": 8,
    "show": true,
    "relx": 30.00003,
    "rely": 30.0,
    "width": 19.99996,
    "height": 5.0,
    "keepAspectRatio": false,
    "anchor": "nw",
    "minwidth": 20,
    "minheight": 5
  },
  "statusbar": {
    "name": "statusbar",
    "alias": "\u0421\u043b\u0443\u0436\u0435\u0431\u043d\u0430\u044f \u0438\u043d\u0444\u043e",
    "id": 9,
    "show": true,
    "relx": 2.69711,
    "rely": 44.76427,
    "width": 11.36543,
    "height": 11.5223,
    "keepAspectRatio": false,
    "anchor": "nw",
    "minwidth": 5,
    "minheight": 5
  },
  "gestures": {
    "name": "gestures",
    "alias": "\u0416\u0435\u0441\u0442\u044b",
    "id": 10,
    "show": true,
    "relx": 2.69668,
    "rely": 57.22334,
    "width": 21.94427,
    "height": 12.61501,
    "keepAspectRatio": false,
    "anchor": "nw",
    "minwidth": 5,
    "minheight": 5
  }
}