{
  "clock": {
    "name": "clock",
    "alias": "\u0427\u0410\u0421\u042b",
    "id": 1,
    "show": true,
    "relx": 2.701423112,
    "rely": 2.66498801,
    "width": 25.67765288,
    "height": 12.05671463,
    "keepAspectRatio": false,
    "anchor": "nw",
    "minwidth": 5,
    "minheight": 2
  },
  "calendar": {
    "name": "calendar",
    "alias": "\u041a\u0410\u041b\u0415\u041d\u0414\u0410\u0420\u042c",
    "id": 2,
    "show": true,
    "relx": 2.796070144,
    "rely": 14.64040767,
    "width": 38.60867806,
    "height": 13.54640288,
    "keepAspectRatio": false,
    "anchor": "nw",
    "minwidth": 5,
    "minheight": 2
  },
  "covid": {
    "name": "covid",
    "alias": "COVID-19",
    "id": 3,
    "show": true,
    "relx": 269.9959532,
    "rely": 5.0,
    "width": 19.99997752,
    "height": 10.0,
    "keepAspectRatio": false,
    "anchor": "ne",
    "minwidth": 5,
    "minheight": 2
  },
  "stocks": {
    "name": "stocks",
    "alias": "Stocks",
    "id": 4,
    "show": true,
    "relx": 57.67344874,
    "rely": 0.9958273381,
    "width": 41.69844874,
    "height": 11.21238609,
    "keepAspectRatio": false,
    "anchor": "ne",
    "minwidth": 5,
    "minheight": 2
  },
  "youtube": {
    "name": "youtube",
    "alias": "Youtube player",
    "id": 5,
    "show": true,
    "relx": 61.43808453,
    "rely": 46.62961631,
    "width": 37.69383993,
    "height": 37.56450839,
    "keepAspectRatio": true,
    "anchor": "ne",
    "minwidth": 10,
    "minheight": 10,
    "defaultVideo": "\u0420\u0435\u0434\u0430\u043a\u0446\u0438\u044f"
  },
  "ticker": {
    "name": "ticker",
    "alias": "\u0411\u0435\u0433\u0443\u0449\u0430\u044f \u0441\u0442\u0440\u043e\u043a\u0430",
    "id": 6,
    "show": true,
    "relx": 2.341645683,
    "rely": 88.3206235,
    "width": 95.72482014,
    "height": 5.562422062,
    "keepAspectRatio": false,
    "anchor": "nw",
    "minwidth": 30,
    "minheight": 3
  },
  "weather": {
    "name": "weather",
    "alias": "yandex weather",
    "id": 7,
    "show": true,
    "relx": 2.777151529,
    "rely": 28.53441247,
    "width": 25.60029227,
    "height": 16.52829736,
    "keepAspectRatio": false,
    "anchor": "nw",
    "minwidth": 10,
    "minheight": 5
  },
  "voice_assistant": {
    "name": "voice_assistant",
    "alias": "\u0413\u043e\u043b\u043e\u0441\u043e\u0432\u043e\u0439 \u043f\u043e\u043c\u043e\u0449\u043d\u0438\u043a",
    "id": 8,
    "show": false,
    "relx": 30.00003366,
    "rely": 30.0,
    "width": 19.99995512,
    "height": 5.0,
    "keepAspectRatio": false,
    "anchor": "nw",
    "minwidth": 20,
    "minheight": 5
  }
}