{
  "clock": {
    "name": "clock",
    "alias": "\u0427\u0410\u0421\u042b",
    "id": 1,
    "show": true,
    "relx": 0.04102614452,
    "rely": 0.05048473968,
    "width": 24.75737208,
    "height": 14.4059246,
    "keepAspectRatio": false,
    "anchor": "w",
    "minwidth": 5,
    "minheight": 2
  },
  "calendar": {
    "name": "calendar",
    "alias": "\u041a\u0410\u041b\u0415\u041d\u0414\u0410\u0420\u042c",
    "id": 2,
    "show": true,
    "relx": 1.162587522,
    "rely": 16.38617594,
    "width": 27.78275359,
    "height": 19.83016158,
    "keepAspectRatio": false,
    "anchor": "w",
    "minwidth": 5,
    "minheight": 2
  },
  "covid": {
    "name": "covid",
    "alias": "COVID-19",
    "id": 3,
    "show": true,
    "relx": 51.84331239,
    "rely": 13.90466786,
    "width": 47.62981373,
    "height": 21.6448833,
    "keepAspectRatio": false,
    "anchor": "e",
    "minwidth": 5,
    "minheight": 2
  },
  "stocks": {
    "name": "stocks",
    "alias": "Stocks",
    "id": 4,
    "show": true,
    "relx": 51.84331239,
    "rely": 1.927594255,
    "width": 46.28789273,
    "height": 11.93378815,
    "keepAspectRatio": false,
    "anchor": "w",
    "minwidth": 5,
    "minheight": 2
  },
  "youtube": {
    "name": "youtube",
    "alias": "Youtube player",
    "id": 5,
    "show": true,
    "relx": 46.74566876,
    "rely": 40.39605027,
    "width": 51.43370736,
    "height": 51.48527828,
    "keepAspectRatio": true,
    "anchor": "w",
    "minwidth": 10,
    "minheight": 10
  },
  "ticker": {
    "name": "ticker",
    "alias": "\u0411\u0435\u0433\u0443\u0449\u0430\u044f \u0441\u0442\u0440\u043e\u043a\u0430",
    "id": 6,
    "show": true,
    "relx": 0.7187881508,
    "rely": 92.57432675,
    "width": 98.5106149,
    "height": 6.039605027,
    "keepAspectRatio": false,
    "anchor": "w",
    "minwidth": 30,
    "minheight": 3
  },
  "weather": {
    "name": "weather",
    "alias": "yandex weather",
    "id": 7,
    "show": true,
    "relx": 1.162587522,
    "rely": 36.18815081,
    "width": 27.89171903,
    "height": 17.47527828,
    "keepAspectRatio": false,
    "anchor": "w",
    "minwidth": 10,
    "minheight": 5
  },
  "voice_assistant": {
    "name": "voice_assistant",
    "alias": "\u0413\u043e\u043b\u043e\u0441\u043e\u0432\u043e\u0439 \u043f\u043e\u043c\u043e\u0449\u043d\u0438\u043a",
    "id": 8,
    "show": true,
    "relx": 32.06876122,
    "rely": 25.44560144,
    "width": 24.18123878,
    "height": 22.87127469,
    "keepAspectRatio": false,
    "anchor": "w",
    "minwidth": 20,
    "minheight": 5
  }
}