{
  "clock": {
    "name": "clock",
    "alias": "\u0427\u0410\u0421\u042b",
    "id": 1,
    "show": true,
    "relx": 2.701423923,
    "rely": 2.664991023,
    "width": 25.67767056,
    "height": 12.05671454,
    "keepAspectRatio": false,
    "anchor": "nw",
    "minwidth": 5,
    "minheight": 2
  },
  "calendar": {
    "name": "calendar",
    "alias": "\u041a\u0410\u041b\u0415\u041d\u0414\u0410\u0420\u042c",
    "id": 2,
    "show": true,
    "relx": 2.796069345,
    "rely": 14.64039497,
    "width": 38.60870736,
    "height": 13.54639138,
    "keepAspectRatio": false,
    "anchor": "nw",
    "minwidth": 5,
    "minheight": 2
  },
  "covid": {
    "name": "covid",
    "alias": "COVID-19",
    "id": 3,
    "show": true,
    "relx": 55.99995512,
    "rely": 15.0,
    "width": 42.26162478,
    "height": 10.31473968,
    "keepAspectRatio": false,
    "anchor": "nw",
    "minwidth": 5,
    "minheight": 2
  },
  "stocks": {
    "name": "stocks",
    "alias": "\u0411\u0438\u0440\u0436\u0435\u0432\u044b\u0435 \u043a\u0443\u0440\u0441\u044b",
    "id": 4,
    "show": true,
    "relx": 56.35664273,
    "rely": 2.89427289,
    "width": 41.69841786,
    "height": 11.21238779,
    "keepAspectRatio": false,
    "anchor": "ne",
    "minwidth": 5,
    "minheight": 2
  },
  "youtube": {
    "name": "youtube",
    "alias": "Youtube",
    "id": 5,
    "show": false,
    "relx": 48.83691652,
    "rely": 32.59084381,
    "width": 49.51312837,
    "height": 49.27630162,
    "keepAspectRatio": true,
    "anchor": "ne",
    "minwidth": 10,
    "minheight": 10,
    "defaultVideo": "Haivision SRT"
  },
  "ticker": {
    "name": "ticker",
    "alias": "\u0411\u0435\u0433\u0443\u0449\u0430\u044f \u0441\u0442\u0440\u043e\u043a\u0430",
    "id": 6,
    "show": true,
    "relx": 2.504175269,
    "rely": 90.47630162,
    "width": 95.72457361,
    "height": 5.562423698,
    "keepAspectRatio": false,
    "anchor": "nw",
    "minwidth": 30,
    "minheight": 3
  },
  "weather": {
    "name": "weather",
    "alias": "\u041f\u0440\u043e\u0433\u043d\u043e\u0437 \u043f\u043e\u0433\u043e\u0434\u044b",
    "id": 7,
    "show": true,
    "relx": 2.777154399,
    "rely": 28.53429084,
    "width": 25.60031418,
    "height": 16.52829443,
    "keepAspectRatio": false,
    "anchor": "nw",
    "minwidth": 10,
    "minheight": 5
  },
  "voice_assistant": {
    "name": "voice_assistant",
    "alias": "\u0413\u043e\u043b\u043e\u0441\u043e\u0432\u043e\u0439 \u043f\u043e\u043c\u043e\u0449\u043d\u0438\u043a",
    "id": 8,
    "show": true,
    "relx": 2.833959829,
    "rely": 68.77809695,
    "width": 19.99995512,
    "height": 5.0,
    "keepAspectRatio": false,
    "anchor": "nw",
    "minwidth": 10,
    "minheight": 5
  },
  "statusbar": {
    "name": "statusbar",
    "alias": "\u0421\u043b\u0443\u0436\u0435\u0431\u043d\u0430\u044f \u0438\u043d\u0444\u043e",
    "id": 9,
    "show": true,
    "relx": 2.696677513,
    "rely": 46.1989228,
    "width": 10.53268627,
    "height": 9.994955117,
    "keepAspectRatio": false,
    "anchor": "nw",
    "minwidth": 5,
    "minheight": 5
  },
  "gestures": {
    "name": "gestures",
    "alias": "\u0416\u0435\u0441\u0442\u044b",
    "id": 10,
    "show": true,
    "relx": 2.696677513,
    "rely": 57.22333932,
    "width": 19.9245175,
    "height": 10.64294434,
    "keepAspectRatio": false,
    "anchor": "nw",
    "minwidth": 5,
    "minheight": 5
  }
}