{
  "clock": {
    "name": "clock",
    "alias": "\u0427\u0410\u0421\u042b",
    "id": 1,
    "show": true,
    "relx": 1.051206683,
    "rely": 2.026613861,
    "width": 24.75735149,
    "height": 14.40592079,
    "keepAspectRatio": false,
    "anchor": "nw",
    "minwidth": 5,
    "minheight": 2
  },
  "calendar": {
    "name": "calendar",
    "alias": "\u041a\u0410\u041b\u0415\u041d\u0414\u0410\u0420\u042c",
    "id": 2,
    "show": true,
    "relx": 1.162592822,
    "rely": 16.38613861,
    "width": 27.7827104,
    "height": 19.83009901,
    "keepAspectRatio": false,
    "anchor": "nw",
    "minwidth": 5,
    "minheight": 2
  },
  "covid": {
    "name": "covid",
    "alias": "COVID-19",
    "id": 3,
    "show": true,
    "relx": 51.84334158,
    "rely": 13.90475248,
    "width": 46.28784653,
    "height": 10.84776238,
    "keepAspectRatio": false,
    "anchor": "ne",
    "minwidth": 5,
    "minheight": 2
  },
  "stocks": {
    "name": "stocks",
    "alias": "Stocks",
    "id": 4,
    "show": true,
    "relx": 51.84334158,
    "rely": 1.92760396,
    "width": 46.28784653,
    "height": 11.93378218,
    "keepAspectRatio": false,
    "anchor": "nw",
    "minwidth": 5,
    "minheight": 2
  },
  "youtube": {
    "name": "youtube",
    "alias": "Youtube player",
    "id": 5,
    "show": true,
    "relx": 46.74564356,
    "rely": 40.3960396,
    "width": 51.43366337,
    "height": 51.48534653,
    "keepAspectRatio": true,
    "anchor": "nw",
    "minwidth": 10,
    "minheight": 10
  },
  "ticker": {
    "name": "ticker",
    "alias": "\u0411\u0435\u0433\u0443\u0449\u0430\u044f \u0441\u0442\u0440\u043e\u043a\u0430",
    "id": 6,
    "show": true,
    "relx": 0.7187858911,
    "rely": 92.57425743,
    "width": 98.51056931,
    "height": 6.03960396,
    "keepAspectRatio": false,
    "anchor": "w",
    "minwidth": 30,
    "minheight": 3
  },
  "weather": {
    "name": "weather",
    "alias": "yandex weather",
    "id": 7,
    "show": true,
    "relx": 1.162592822,
    "rely": 36.18811881,
    "width": 27.89175743,
    "height": 17.47526733,
    "keepAspectRatio": false,
    "anchor": "nw",
    "minwidth": 10,
    "minheight": 5
  },
  "voice_assistant": {
    "name": "voice_assistant",
    "alias": "\u0413\u043e\u043b\u043e\u0441\u043e\u0432\u043e\u0439 \u043f\u043e\u043c\u043e\u0449\u043d\u0438\u043a",
    "id": 8,
    "show": true,
    "relx": 32.06873762,
    "rely": 25.44554455,
    "width": 24.18126238,
    "height": 22.87128713,
    "keepAspectRatio": false,
    "anchor": "nw",
    "minwidth": 20,
    "minheight": 5
  }
}