{
  "clock": {
    "name": "clock",
    "alias": "\u0427\u0410\u0421\u042b",
    "id": 1,
    "show": true,
    "relx": 1.085614901,
    "rely": 1.767289048,
    "width": 42.84391831,
    "height": 30.72818671,
    "keepAspectRatio": false,
    "anchor": "nw",
    "minwidth": 5,
    "minheight": 2
  },
  "calendar": {
    "name": "calendar",
    "alias": "\u041a\u0410\u041b\u0415\u041d\u0414\u0410\u0420\u042c",
    "id": 2,
    "show": true,
    "relx": 1.077727783,
    "rely": 20.92405745,
    "width": 46.08339318,
    "height": 22.52298025,
    "keepAspectRatio": false,
    "anchor": "nw",
    "minwidth": 5,
    "minheight": 2
  },
  "covid": {
    "name": "covid",
    "alias": "COVID-19",
    "id": 3,
    "show": true,
    "relx": 50.24286355,
    "rely": 14.81992819,
    "width": 48.5228456,
    "height": 18.39371634,
    "keepAspectRatio": false,
    "anchor": "ne",
    "minwidth": 5,
    "minheight": 2
  },
  "stocks": {
    "name": "stocks",
    "alias": "\u0411\u0438\u0440\u0436\u0435\u0432\u044b\u0435 \u043a\u0443\u0440\u0441\u044b",
    "id": 4,
    "show": true,
    "relx": 50.49846275,
    "rely": 1.635439856,
    "width": 48.26724641,
    "height": 12.72721724,
    "keepAspectRatio": false,
    "anchor": "ne",
    "minwidth": 5,
    "minheight": 2
  },
  "youtube": {
    "name": "youtube",
    "alias": "Youtube",
    "id": 5,
    "show": false,
    "relx": 48.83691652,
    "rely": 32.59084381,
    "width": 49.51312837,
    "height": 49.27630162,
    "keepAspectRatio": true,
    "anchor": "ne",
    "minwidth": 10,
    "minheight": 10,
    "defaultVideo": "Haivision SRT"
  },
  "ticker": {
    "name": "ticker",
    "alias": "\u0411\u0435\u0433\u0443\u0449\u0430\u044f \u0441\u0442\u0440\u043e\u043a\u0430",
    "id": 6,
    "show": false,
    "relx": 0,
    "rely": 85,
    "width": 100,
    "height": 9,
    "keepAspectRatio": false,
    "anchor": "nw",
    "minwidth": 100,
    "minheight": 3
  },
  "weather": {
    "name": "weather",
    "alias": "\u041f\u0440\u043e\u0433\u043d\u043e\u0437 \u043f\u043e\u0433\u043e\u0434\u044b",
    "id": 7,
    "show": true,
    "relx": 1.361754937,
    "rely": 43.97163375,
    "width": 24.89501795,
    "height": 23.71238779,
    "keepAspectRatio": false,
    "anchor": "nw",
    "minwidth": 10,
    "minheight": 5
  },
  "voice_assistant": {
    "name": "voice_assistant",
    "alias": "\u0413\u043e\u043b\u043e\u0441\u043e\u0432\u043e\u0439 \u043f\u043e\u043c\u043e\u0449\u043d\u0438\u043a",
    "id": 8,
    "show": false,
    "relx": 2.833959829,
    "rely": 68.77809695,
    "width": 19.99995512,
    "height": 5.0,
    "keepAspectRatio": false,
    "anchor": "nw",
    "minwidth": 10,
    "minheight": 5
  },
  "statusbar": {
    "name": "statusbar",
    "alias": "\u0421\u043b\u0443\u0436\u0435\u0431\u043d\u0430\u044f \u0438\u043d\u0444\u043e",
    "id": 9,
    "show": true,
    "relx": 1.989765485,
    "rely": 78.51202873,
    "width": 19.62155521,
    "height": 16.64048474,
    "keepAspectRatio": false,
    "anchor": "nw",
    "minwidth": 5,
    "minheight": 5
  },
  "gestures": {
    "name": "gestures",
    "alias": "\u0416\u0435\u0441\u0442\u044b",
    "id": 10,
    "show": false,
    "relx": 2.696677513,
    "rely": 57.22333932,
    "width": 19.9245175,
    "height": 10.64294434,
    "keepAspectRatio": false,
    "anchor": "nw",
    "minwidth": 5,
    "minheight": 5
  }
}