{
  "clock": {
    "name": "clock",
    "alias": "\u0427\u0410\u0421\u042b",
    "id": 1,
    "show": true,
    "relx": 2.701420537,
    "rely": 2.664992743,
    "width": 25.67767598,
    "height": 12.05670537,
    "keepAspectRatio": false,
    "anchor": "nw",
    "minwidth": 5,
    "minheight": 2
  },
  "calendar": {
    "name": "calendar",
    "alias": "\u041a\u0410\u041b\u0415\u041d\u0414\u0410\u0420\u042c",
    "id": 2,
    "show": true,
    "relx": 2.79607402,
    "rely": 14.64034833,
    "width": 38.60872642,
    "height": 13.54638607,
    "keepAspectRatio": false,
    "anchor": "nw",
    "minwidth": 5,
    "minheight": 2
  },
  "covid": {
    "name": "covid",
    "alias": "COVID-19",
    "id": 3,
    "show": true,
    "relx": 55.9999365,
    "rely": 15.0,
    "width": 40.00003628,
    "height": 10.0,
    "keepAspectRatio": false,
    "anchor": "ne",
    "minwidth": 5,
    "minheight": 2
  },
  "stocks": {
    "name": "stocks",
    "alias": "\u0411\u0438\u0440\u0436\u0435\u0432\u044b\u0435 \u043a\u0443\u0440\u0441\u044b",
    "id": 4,
    "show": true,
    "relx": 56.35662192,
    "rely": 2.894267054,
    "width": 41.69839441,
    "height": 11.21239478,
    "keepAspectRatio": false,
    "anchor": "ne",
    "minwidth": 5,
    "minheight": 2
  },
  "youtube": {
    "name": "youtube",
    "alias": "Youtube",
    "id": 5,
    "show": true,
    "relx": 60.45046263,
    "rely": 46.77445573,
    "width": 37.69386792,
    "height": 37.56444122,
    "keepAspectRatio": true,
    "anchor": "ne",
    "minwidth": 10,
    "minheight": 10,
    "defaultVideo": "\u0420\u0435\u0434\u0430\u043a\u0446\u0438\u044f"
  },
  "ticker": {
    "name": "ticker",
    "alias": "\u0411\u0435\u0433\u0443\u0449\u0430\u044f \u0441\u0442\u0440\u043e\u043a\u0430",
    "id": 6,
    "show": true,
    "relx": 2.504178157,
    "rely": 90.47634253,
    "width": 95.72460087,
    "height": 5.562423803,
    "keepAspectRatio": false,
    "anchor": "nw",
    "minwidth": 30,
    "minheight": 3
  },
  "weather": {
    "name": "weather",
    "alias": "\u041f\u0440\u043e\u0433\u043d\u043e\u0437 \u043f\u043e\u0433\u043e\u0434\u044b",
    "id": 7,
    "show": true,
    "relx": 2.777149855,
    "rely": 28.53425254,
    "width": 25.6002812,
    "height": 16.52830189,
    "keepAspectRatio": false,
    "anchor": "nw",
    "minwidth": 10,
    "minheight": 5
  },
  "voice_assistant": {
    "name": "voice_assistant",
    "alias": "\u0413\u043e\u043b\u043e\u0441\u043e\u0432\u043e\u0439 \u043f\u043e\u043c\u043e\u0449\u043d\u0438\u043a",
    "id": 8,
    "show": true,
    "relx": 30.00002721,
    "rely": 30.0,
    "width": 19.9999365,
    "height": 5.0,
    "keepAspectRatio": false,
    "anchor": "nw",
    "minwidth": 20,
    "minheight": 5
  },
  "statusbar": {
    "name": "statusbar",
    "alias": "\u0421\u043b\u0443\u0436\u0435\u0431\u043d\u0430\u044f \u0438\u043d\u0444\u043e",
    "id": 9,
    "show": true,
    "relx": 2.697109942,
    "rely": 44.76429608,
    "width": 11.36543904,
    "height": 11.52229318,
    "keepAspectRatio": false,
    "anchor": "nw",
    "minwidth": 5,
    "minheight": 5
  },
  "gestures": {
    "name": "gestures",
    "alias": "\u0416\u0435\u0441\u0442\u044b",
    "id": 10,
    "show": true,
    "relx": 2.69667725,
    "rely": 57.2233672,
    "width": 21.94427612,
    "height": 12.61500726,
    "keepAspectRatio": false,
    "anchor": "nw",
    "minwidth": 5,
    "minheight": 5
  }
}