{
  "clock": {
    "name": "clock",
    "alias": "\u0427\u0410\u0421\u042b",
    "id": 1,
    "show": true,
    "relx": 2.701423923,
    "rely": 2.66497307,
    "width": 25.67767056,
    "height": 12.05675045,
    "keepAspectRatio": false,
    "anchor": "nw",
    "minwidth": 5,
    "minheight": 2
  },
  "calendar": {
    "name": "calendar",
    "alias": "\u041a\u0410\u041b\u0415\u041d\u0414\u0410\u0420\u042c",
    "id": 2,
    "show": true,
    "relx": 2.796069345,
    "rely": 14.64039497,
    "width": 38.60870736,
    "height": 13.54635548,
    "keepAspectRatio": false,
    "anchor": "nw",
    "minwidth": 5,
    "minheight": 2
  },
  "covid": {
    "name": "covid",
    "alias": "COVID-19",
    "id": 3,
    "show": true,
    "relx": 269.9959605,
    "rely": 5.0,
    "width": 19.99995512,
    "height": 10.0,
    "keepAspectRatio": false,
    "anchor": "ne",
    "minwidth": 5,
    "minheight": 2
  },
  "stocks": {
    "name": "stocks",
    "alias": "Stocks",
    "id": 4,
    "show": true,
    "relx": 57.67341786,
    "rely": 0.9958348294,
    "width": 41.69841786,
    "height": 11.21238779,
    "keepAspectRatio": false,
    "anchor": "ne",
    "minwidth": 5,
    "minheight": 2
  },
  "youtube": {
    "name": "youtube",
    "alias": "Youtube player",
    "id": 5,
    "show": true,
    "relx": 61.30411804,
    "rely": 49.86822262,
    "width": 37.69386221,
    "height": 37.56445242,
    "keepAspectRatio": true,
    "anchor": "ne",
    "minwidth": 10,
    "minheight": 10,
    "defaultVideo": "\u0420\u0435\u0434\u0430\u043a\u0446\u0438\u044f"
  },
  "ticker": {
    "name": "ticker",
    "alias": "\u0411\u0435\u0433\u0443\u0449\u0430\u044f \u0441\u0442\u0440\u043e\u043a\u0430",
    "id": 6,
    "show": true,
    "relx": 1.060368043,
    "rely": 88.56319569,
    "width": 98.00830341,
    "height": 10.18008977,
    "keepAspectRatio": false,
    "anchor": "nw",
    "minwidth": 30,
    "minheight": 3
  },
  "weather": {
    "name": "weather",
    "alias": "yandex weather",
    "id": 7,
    "show": true,
    "relx": 2.777154399,
    "rely": 28.53447038,
    "width": 25.60031418,
    "height": 16.52827648,
    "keepAspectRatio": false,
    "anchor": "nw",
    "minwidth": 10,
    "minheight": 5
  },
  "voice_assistant": {
    "name": "voice_assistant",
    "alias": "\u0413\u043e\u043b\u043e\u0441\u043e\u0432\u043e\u0439 \u043f\u043e\u043c\u043e\u0449\u043d\u0438\u043a",
    "id": 8,
    "show": false,
    "relx": 30.00003366,
    "rely": 30.0,
    "width": 19.99995512,
    "height": 5.0,
    "keepAspectRatio": false,
    "anchor": "nw",
    "minwidth": 20,
    "minheight": 5
  }
}