{
  "clock": {
    "name": "clock",
    "alias": "\u0427\u0410\u0421\u042b",
    "id": 1,
    "show": true,
    "relx": 2.701422697,
    "rely": 2.66498538,
    "width": 25.67763158,
    "height": 12.05671053,
    "keepAspectRatio": false,
    "anchor": "nw",
    "minwidth": 5,
    "minheight": 2
  },
  "calendar": {
    "name": "calendar",
    "alias": "\u041a\u0410\u041b\u0415\u041d\u0414\u0410\u0420\u042c",
    "id": 2,
    "show": true,
    "relx": 2.796069079,
    "rely": 14.64035088,
    "width": 38.60871711,
    "height": 13.54640351,
    "keepAspectRatio": false,
    "anchor": "nw",
    "minwidth": 5,
    "minheight": 2
  },
  "covid": {
    "name": "covid",
    "alias": "COVID-19",
    "id": 3,
    "show": true,
    "relx": 56.0,
    "rely": 15.0,
    "width": 40.0,
    "height": 10.0,
    "keepAspectRatio": false,
    "anchor": "ne",
    "minwidth": 5,
    "minheight": 2
  },
  "stocks": {
    "name": "stocks",
    "alias": "Stocks",
    "id": 4,
    "show": true,
    "relx": 56.35666118,
    "rely": 2.894283626,
    "width": 41.6984375,
    "height": 11.21238304,
    "keepAspectRatio": false,
    "anchor": "ne",
    "minwidth": 5,
    "minheight": 2
  },
  "youtube": {
    "name": "youtube",
    "alias": "Youtube player",
    "id": 5,
    "show": true,
    "relx": 60.45049342,
    "rely": 46.7745614,
    "width": 37.69383224,
    "height": 37.56447368,
    "keepAspectRatio": true,
    "anchor": "ne",
    "minwidth": 10,
    "minheight": 10,
    "defaultVideo": "\u0420\u0435\u0434\u0430\u043a\u0446\u0438\u044f"
  },
  "ticker": {
    "name": "ticker",
    "alias": "\u0411\u0435\u0433\u0443\u0449\u0430\u044f \u0441\u0442\u0440\u043e\u043a\u0430",
    "id": 6,
    "show": true,
    "relx": 2.505657895,
    "rely": 84.37266082,
    "width": 95.72450658,
    "height": 5.562426901,
    "keepAspectRatio": false,
    "anchor": "nw",
    "minwidth": 30,
    "minheight": 3
  },
  "weather": {
    "name": "weather",
    "alias": "yandex weather",
    "id": 7,
    "show": true,
    "relx": 2.777146382,
    "rely": 28.53435673,
    "width": 25.60032895,
    "height": 16.52836257,
    "keepAspectRatio": false,
    "anchor": "nw",
    "minwidth": 10,
    "minheight": 5
  },
  "voice_assistant": {
    "name": "voice_assistant",
    "alias": "\u0413\u043e\u043b\u043e\u0441\u043e\u0432\u043e\u0439 \u043f\u043e\u043c\u043e\u0449\u043d\u0438\u043a",
    "id": 8,
    "show": false,
    "relx": 30.00003366,
    "rely": 30.0,
    "width": 19.99995512,
    "height": 5.0,
    "keepAspectRatio": false,
    "anchor": "nw",
    "minwidth": 20,
    "minheight": 5
  },
  "statusbar": {
    "name": "statusbar",
    "alias": "Status Bar",
    "id": 9,
    "show": true,
    "relx": 2.697113487,
    "rely": 44.76432749,
    "width": 11.36537829,
    "height": 11.52229532,
    "keepAspectRatio": false,
    "anchor": "nw",
    "minwidth": 5,
    "minheight": 5
  }
}